"data_source","input_dir","file","md5"
"archive","/Users/aokutse/Desktop/MachineLearning/ml-robust-covariate-adjustment/simulations/complete_data/datasets","complete_n1000_r2_0p20.RData","0c6c87cf9585d085dde0ea54eaaced66"
"archive","/Users/aokutse/Desktop/MachineLearning/ml-robust-covariate-adjustment/simulations/complete_data/datasets","complete_n1000_r2_0p40.RData","ccde2265759c55c4432a18b54c2709bf"
"archive","/Users/aokutse/Desktop/MachineLearning/ml-robust-covariate-adjustment/simulations/complete_data/datasets","complete_n1000_r2_0p60.RData","c3363403e00e7a758c3008bc39f4be4d"
"archive","/Users/aokutse/Desktop/MachineLearning/ml-robust-covariate-adjustment/simulations/complete_data/datasets","complete_n1000_r2_0p80.RData","02f7aad8a9b3889c36e8588dd1f16318"
"archive","/Users/aokutse/Desktop/MachineLearning/ml-robust-covariate-adjustment/simulations/complete_data/datasets","complete_n10000_r2_0p20.RData","c85394d08269f261e7db5e65f97e9339"
"archive","/Users/aokutse/Desktop/MachineLearning/ml-robust-covariate-adjustment/simulations/complete_data/datasets","complete_n10000_r2_0p40.RData","50d04f2a873ed8a80c77d65adf651410"
"archive","/Users/aokutse/Desktop/MachineLearning/ml-robust-covariate-adjustment/simulations/complete_data/datasets","complete_n10000_r2_0p60.RData","b6784127bf648daed3bef613918b9446"
"archive","/Users/aokutse/Desktop/MachineLearning/ml-robust-covariate-adjustment/simulations/complete_data/datasets","complete_n10000_r2_0p80.RData","b79f61668daab55ea3335f100f233d76"
"archive","/Users/aokutse/Desktop/MachineLearning/ml-robust-covariate-adjustment/simulations/complete_data/datasets","complete_n200_r2_0p20.RData","e6c2d8f40d562fd69e1e25c614ec7879"
"archive","/Users/aokutse/Desktop/MachineLearning/ml-robust-covariate-adjustment/simulations/complete_data/datasets","complete_n200_r2_0p40.RData","2dbc9b1d0c9ffe5771d37c169bf119f9"
"archive","/Users/aokutse/Desktop/MachineLearning/ml-robust-covariate-adjustment/simulations/complete_data/datasets","complete_n200_r2_0p60.RData","d83e4814d2ccd6d30ccc1864bae7879e"
"archive","/Users/aokutse/Desktop/MachineLearning/ml-robust-covariate-adjustment/simulations/complete_data/datasets","complete_n200_r2_0p80.RData","497b0a636043a7ceced8786a46d4d952"
"archive","/Users/aokutse/Desktop/MachineLearning/ml-robust-covariate-adjustment/simulations/complete_data/datasets","complete_n2000_r2_0p20.RData","537f7f80bbbce4cfe4ab9026688c3998"
"archive","/Users/aokutse/Desktop/MachineLearning/ml-robust-covariate-adjustment/simulations/complete_data/datasets","complete_n2000_r2_0p40.RData","27847b88e83f52afff10049dab54457f"
"archive","/Users/aokutse/Desktop/MachineLearning/ml-robust-covariate-adjustment/simulations/complete_data/datasets","complete_n2000_r2_0p60.RData","1fd083feb07c496260e4d42f87f7d59f"
"archive","/Users/aokutse/Desktop/MachineLearning/ml-robust-covariate-adjustment/simulations/complete_data/datasets","complete_n2000_r2_0p80.RData","99616f9ab9e1838476b15fabe63f4101"
"archive","/Users/aokutse/Desktop/MachineLearning/ml-robust-covariate-adjustment/simulations/complete_data/datasets","complete_n500_r2_0p20.RData","41bcaaa7671a64a67e71084732b81fa8"
"archive","/Users/aokutse/Desktop/MachineLearning/ml-robust-covariate-adjustment/simulations/complete_data/datasets","complete_n500_r2_0p40.RData","6dd7b9173ec118759f7a2ecdb94e8abf"
"archive","/Users/aokutse/Desktop/MachineLearning/ml-robust-covariate-adjustment/simulations/complete_data/datasets","complete_n500_r2_0p60.RData","5056277e840f3e7cf512058484c6782d"
"archive","/Users/aokutse/Desktop/MachineLearning/ml-robust-covariate-adjustment/simulations/complete_data/datasets","complete_n500_r2_0p80.RData","dd2332396c738ec130093771ceff1c70"
