"file","status","timestamp","error"
"complete_n1000_r2_0p20.RData","done","2026-05-07 13:56:36.913742",NA
"complete_n1000_r2_0p20.RData","done","2026-05-07 17:56:06.738128",NA
"complete_n1000_r2_0p20.RData","done","2026-05-14 18:43:14.688591",NA
"complete_n1000_r2_0p20.RData","done","2026-05-14 20:09:10.874585",NA
"complete_n1000_r2_0p20.RData","done","2026-05-14 20:13:12.996936",NA
"complete_n1000_r2_0p20.RData","done","2026-05-14 21:08:47.476938",NA
"complete_n1000_r2_0p20.RData","done","2026-05-14 23:08:37.335936",NA
"complete_n1000_r2_0p20.RData","done","2026-05-14 23:14:25.226484",NA
"complete_n1000_r2_0p20.RData","done","2026-05-14 23:49:17.503464",NA
"complete_n1000_r2_0p20.RData","done","2026-05-15 00:07:37.932798",NA
"complete_n1000_r2_0p20.RData","done","2026-05-15 00:17:38.181642",""
